FSA,lat_coord,lon_coord
A0A,47.1801,-53.186
A0B,47.3767,-53.7027
A0C,48.3498,-53.9337
A0E,47.5614,-54.7788
A0G,48.8512,-54.7326
A0H,48.4266,-56.2569
A0J,49.471,-56.0441
A0K,52.0788,-57.2052
A0L,49.1092,-58.0425
A0M,47.803,-58.389
A0N,48.1168,-57.8407
A0P,54.9537,-61.6008
A0R,53.5399,-65.1117
A1A,47.6045,-52.7251
A1B,47.5691,-52.7958
A1C,47.5649,-52.7167
A1E,47.5378,-52.752
A1G,47.5065,-52.7616
A1H,47.4516,-52.8921
A1K,47.6727,-52.7484
A1L,47.5342,-52.8838
A1M,47.6254,-52.8377
A1N,47.5195,-52.8123
A1S,47.4371,-52.7396
A1V,48.9577,-54.5896
A1W,47.5095,-52.9441
A1X,47.4777,-53.0288
A1Y,47.7346,-53.2799
A2A,48.9488,-55.6334
A2B,48.9657,-55.6899
A2H,48.9168,-57.7955
A2N,48.5512,-58.5723
A2V,52.9591,-66.9369
A5A,48.2181,-53.7767
A8A,49.1627,-57.4893
B0C,46.6398,-60.5471
B0E,46.086,-61.0393
B0H,45.3478,-61.6472
B0J,44.853,-63.1574
B0K,45.5874,-62.8433
B0L,45.7291,-64.2953
B0M,45.5452,-64.021
B0N,45.0812,-63.465
B0P,45.0027,-64.6568
B0R,44.6119,-64.7564
B0S,44.6664,-65.2907
B0T,44.0522,-65.123
B0V,44.5228,-65.9792
B0W,44.0712,-65.7427
B1A,46.1898,-59.9531
B1B,46.1186,-59.9425
B1C,45.9478,-59.974
B1E,46.1845,-60.0166
B1G,46.2074,-60.0171
B1H,46.216,-60.0838
B1J,45.938,-60.4778
B1K,45.899,-60.2541
B1L,46.0642,-60.27
B1M,46.1491,-60.0788
B1N,46.1985,-60.1583
B1P,46.1131,-60.1312
B1R,46.125,-60.2594
B1S,46.102,-60.2181
B1T,45.9957,-60.6319
B1V,46.2431,-60.2338
B1W,45.96,-60.6188
B1X,46.2119,-60.5363
B1Y,46.201,-60.3775
B2A,46.141,-60.3234
B2C,45.9897,-60.8791
B2E,45.7626,-60.5157
B2G,45.6306,-62.0271
B2H,45.5383,-62.5754
B2J,45.6934,-60.3941
B2N,45.3513,-63.256
B2R,44.7649,-63.5547
B2S,45.0558,-63.5442
B2T,44.8844,-63.4819
B2V,44.6534,-63.4743
B2W,44.6696,-63.5084
B2X,44.704,-63.5339
B2Y,44.6668,-63.5496
B2Z,44.7028,-63.3992
B3A,44.7016,-63.5802
B3B,44.6949,-63.6082
B3E,44.76,-63.3443
B3G,44.6232,-63.4654
B3H,44.6352,-63.5825
B3J,44.6424,-63.5716
B3K,44.662,-63.6019
B3L,44.6504,-63.6141
B3M,44.6802,-63.6623
B3N,44.6376,-63.6388
B3P,44.614,-63.5941
B3R,44.5935,-63.5935
B3S,44.6578,-63.6651
B3T,44.5683,-63.7264
B3V,44.5204,-63.6064
B3Z,44.6666,-63.9467
B4A,44.7256,-63.6524
B4B,44.7529,-63.7937
B4C,44.761,-63.6356
B4E,44.8161,-63.7381
B4G,44.8811,-63.6795
B4H,45.8513,-64.0474
B4N,44.9886,-64.5197
B4P,45.0196,-64.3567
B4R,45.069,-64.5792
B4V,44.3411,-64.6035
B5A,43.9711,-66.0053
B6L,45.4112,-63.176
B9A,45.6677,-61.3745
C0A,46.269,-62.7928
C0B,46.5983,-63.9532
C1A,46.264,-63.126
C1B,46.2667,-62.951
C1C,46.3093,-63.0597
C1E,46.3407,-63.1987
C1N,46.4012,-63.7047
E1A,46.1053,-64.6864
E1B,46.0505,-64.8117
E1C,46.0978,-64.8049
E1E,46.0783,-64.8562
E1G,46.1697,-64.9589
E1H,46.1788,-64.7014
E1J,46.0101,-64.8496
E1N,46.9509,-65.3013
E1V,47.1206,-65.5589
E1W,47.7655,-64.9572
E1X,47.4894,-65.0506
E2A,47.5215,-65.7032
E2E,45.4134,-65.9778
E2G,45.4444,-65.9267
E2H,45.3492,-66.0035
E2J,45.2898,-65.9999
E2K,45.3052,-66.0831
E2L,45.2725,-66.0554
E2M,45.2363,-66.1744
E2N,45.3162,-65.926
E2P,45.2424,-65.9857
E2S,45.3225,-65.8137
E2V,45.8038,-66.4127
E3A,46.1123,-66.3384
E3B,45.7367,-66.7575
E3C,45.8663,-66.7153
E3E,45.8582,-66.8534
E3G,46.0465,-66.7414
E3L,45.247,-67.3296
E3N,47.7643,-66.8151
E3V,47.3454,-68.3989
E3Y,47.2856,-67.5896
E3Z,46.9272,-67.7469
E4A,46.1577,-65.8644
E4B,45.9835,-66.1575
E4C,45.8584,-65.896
E4E,45.6264,-65.3918
E4G,45.822,-65.4685
E4H,45.7643,-64.831
E4J,45.9973,-65.0474
E4K,45.9725,-64.5716
E4L,45.9743,-64.3616
E4M,46.0786,-64.0376
E4N,46.171,-64.2169
E4P,46.171,-64.4684
E4R,46.3277,-64.6098
E4S,46.4376,-64.8234
E4T,46.4343,-65.3506
E4V,46.3401,-64.7362
E4W,46.6016,-64.9293
E4X,46.7043,-65.106
E4Y,46.7392,-65.3883
E4Z,45.9897,-65.2991
E5A,45.405,-67.1887
E5B,45.2199,-67.0271
E5C,45.2903,-66.851
E5E,44.8908,-66.9318
E5G,44.6966,-66.8072
E5H,45.1892,-66.6881
E5J,45.1995,-66.4337
E5K,45.3968,-66.3111
E5L,45.5401,-66.5933
E5M,45.6582,-66.1904
E5N,45.5182,-65.8023
E5P,45.7407,-65.6595
E5R,45.456,-65.4399
E5S,45.4039,-66.0833
E5T,45.6715,-65.8984
E5V,44.986,-66.9696
E6A,46.5894,-66.5691
E6B,46.3333,-66.8904
E6C,46.214,-66.4772
E6E,46.1399,-67.1705
E6G,45.9504,-67.2733
E6H,45.8257,-67.5764
E6J,45.6681,-67.3556
E6K,45.6939,-67.0787
E6L,46.0166,-66.9713
E7A,47.3005,-68.747
E7B,47.5535,-68.3405
E7C,47.51,-68.0611
E7E,47.3347,-67.8386
E7G,47.0199,-67.2159
E7H,46.7407,-67.6399
E7J,46.632,-67.2772
E7K,46.4068,-67.7234
E7L,46.4513,-67.3702
E7M,46.1431,-67.6793
E7N,46.0846,-67.5331
E7P,46.292,-67.4936
E8A,47.7647,-67.8148
E8B,47.6609,-67.1829
E8C,48.0487,-66.3918
E8E,47.7452,-66.506
E8G,47.775,-66.1695
E8J,47.7945,-65.8178
E8K,47.6835,-65.8908
E8L,47.432,-65.4383
E8M,47.55,-65.0976
E8N,47.7977,-65.1198
E8P,47.6897,-64.9011
E8R,47.6348,-65.1773
E8S,47.7402,-64.688
E8T,47.8746,-64.5825
E9A,46.9071,-65.0006
E9B,46.6195,-65.7536
E9C,46.5798,-66.073
E9E,47.1183,-66.3033
E9G,47.2534,-65.2772
E9H,47.3501,-65.0554
G0A,47.4268,-71.3384
G0C,48.3739,-65.4186
G0E,49.1571,-65.5751
G0G,51.3864,-63.6108
G0H,49.446,-67.7799
G0J,48.4934,-67.0588
G0K,48.1737,-68.1887
G0L,47.7106,-69.1646
G0M,45.9715,-70.6789
G0N,46.1224,-71.2546
G0P,46.013,-71.7307
G0R,46.7881,-70.3442
G0S,46.4514,-71.4391
G0T,48.2847,-69.6432
G0V,50.1777,-70.6258
G0W,49.7004,-72.7199
G0X,47.7881,-73.8375
G0Y,45.6267,-71.0134
G0Z,46.1792,-72.1544
G1B,46.9269,-71.2274
G1C,46.8828,-71.1935
G1E,46.86,-71.194
G1G,46.8765,-71.2838
G1H,46.8529,-71.2572
G1J,46.8359,-71.2192
G1K,46.8145,-71.2214
G1L,46.8305,-71.2423
G1M,46.8152,-71.2713
G1N,46.8062,-71.2537
G1P,46.8072,-71.3129
G1R,46.8064,-71.2182
G1S,46.7926,-71.246
G1T,46.775,-71.2582
G1V,46.7826,-71.2879
G1W,46.7591,-71.2981
G1X,46.7744,-71.333
G1Y,46.7505,-71.3565
G2B,46.8394,-71.3652
G2C,46.8283,-71.3325
G2E,46.8054,-71.3573
G2G,46.7905,-71.4126
G2J,46.8459,-71.2864
G2K,46.8518,-71.3009
G2L,46.8896,-71.2545
G2M,46.9218,-71.3068
G2N,46.9131,-71.3398
G3A,46.7559,-71.4927
G3B,46.9797,-71.2947
G3C,47.1327,-71.4061
G3E,46.8779,-71.3407
G3G,46.9241,-71.3958
G3H,46.7767,-71.6913
G3J,46.8584,-71.4749
G3K,46.8323,-71.4461
G3L,46.9917,-71.8591
G3M,46.6871,-71.7109
G3N,46.868,-71.6259
G3S,47.0312,-71.6209
G3Z,47.4284,-70.6631
G4A,47.7176,-70.2479
G4R,51.0317,-66.6491
G4S,50.2768,-66.446
G4T,47.4083,-61.7886
G4V,48.9162,-65.8111
G4W,48.8024,-67.4749
G4X,48.8677,-64.8023
G4Z,50.1984,-68.9588
G5A,47.7284,-70.1229
G5B,50.0251,-66.9175
G5C,49.1982,-68.3544
G5H,48.5693,-68.1788
G5J,48.5157,-67.4674
G5L,48.4203,-68.5566
G5M,48.4976,-68.4582
G5N,48.366,-68.465
G5R,47.8216,-69.5177
G5T,47.5854,-68.5353
G5V,46.9469,-70.5402
G5X,46.2361,-70.7685
G5Y,46.1312,-70.6386
G5Z,46.0589,-70.7111
G6A,46.1442,-70.6839
G6B,45.5451,-70.8213
G6C,46.7708,-71.083
G6E,46.4426,-71.0038
G6G,46.127,-71.3526
G6H,46.0916,-71.3874
G6J,46.6361,-71.3137
G6K,46.6951,-71.29
G6L,46.2095,-71.8369
G6P,46.0417,-71.9641
G6R,46.0235,-71.9587
G6S,46.0224,-71.8835
G6T,46.0823,-71.9726
G6V,46.7907,-71.163
G6W,46.7543,-71.2222
G6X,46.7141,-71.2643
G6Y,46.809,-71.1204
G6Z,46.6879,-71.1917
G7A,46.6854,-71.3806
G7B,48.3361,-70.8641
G7G,48.459,-71.0907
G7H,48.4128,-71.0381
G7J,48.4192,-71.1009
G7K,48.3653,-71.1162
G7N,48.1604,-71.2868
G7P,48.5497,-71.3097
G7S,48.4318,-71.1833
G7T,48.399,-71.1723
G7X,48.3957,-71.3767
G7Y,48.3782,-71.2239
G7Z,48.4272,-71.2753
G8A,48.4137,-71.2741
G8B,48.5558,-71.6727
G8C,48.5304,-71.6408
G8E,48.639,-71.6968
G8G,48.3927,-71.8481
G8H,48.4725,-72.2371
G8J,48.8942,-73.4479
G8K,48.7057,-72.442
G8L,50.1276,-71.6909
G8M,48.8697,-72.4763
G8N,48.1478,-71.7675
G8P,49.8835,-74.2493
G8T,46.3894,-72.5344
G8V,46.4111,-72.4908
G8W,46.4169,-72.6034
G8Y,46.3664,-72.6153
G8Z,46.3461,-72.5712
G9A,46.3579,-72.6407
G9B,46.316,-72.6817
G9C,46.3901,-72.6705
G9H,46.3145,-72.3698
G9N,46.5513,-72.7366
G9P,46.5169,-72.7181
G9R,46.592,-72.8039
G9T,46.6297,-72.7213
G9X,47.6112,-73.3049
H1A,45.6693,-73.5067
H1B,45.6344,-73.5239
H1C,45.6675,-73.5371
H1E,45.6385,-73.585
H1G,45.6131,-73.6192
H1H,45.5902,-73.639
H1J,45.6163,-73.5738
H1K,45.6087,-73.5449
H1L,45.607,-73.5171
H1M,45.5884,-73.5562
H1N,45.577,-73.5299
H1P,45.5979,-73.5944
H1R,45.5862,-73.6084
H1S,45.5472,-73.6113
H1T,45.5748,-73.5704
H1V,45.5585,-73.546
H1W,45.5444,-73.5466
H1X,45.556,-73.5738
H1Y,45.5484,-73.5784
H1Z,45.5694,-73.6221
H2A,45.562,-73.599
H2B,45.5741,-73.6509
H2C,45.5607,-73.6594
H2E,45.551,-73.6114
H2G,45.5437,-73.5929
H2H,45.5369,-73.5743
H2J,45.5301,-73.5825
H2K,45.5308,-73.5563
H2L,45.519,-73.5595
H2M,45.553,-73.6411
H2N,45.5402,-73.6514
H2P,45.5423,-73.6346
H2R,45.54,-73.6226
H2S,45.5351,-73.6055
H2T,45.5245,-73.595
H2V,45.517,-73.6077
H2W,45.5178,-73.5805
H2X,45.5115,-73.5684
H2Y,45.5046,-73.5557
H2Z,45.5044,-73.5631
H3A,45.5044,-73.5746
H3B,45.5005,-73.5686
H3C,45.5046,-73.5434
H3E,45.4603,-73.5481
H3G,45.4983,-73.578
H3H,45.501,-73.5885
H3J,45.4862,-73.5727
H3K,45.4807,-73.5547
H3L,45.5465,-73.6708
H3M,45.5388,-73.6933
H3N,45.5295,-73.6316
H3P,45.5217,-73.6395
H3R,45.5102,-73.6485
H3S,45.5068,-73.6299
H3T,45.5019,-73.6191
H3V,45.499,-73.609
H3W,45.4898,-73.6314
H3X,45.4817,-73.6421
H3Y,45.4871,-73.6053
H3Z,45.4822,-73.5932
H4A,45.4728,-73.6162
H4B,45.4615,-73.6312
H4C,45.4679,-73.6
H4E,45.4591,-73.5912
H4G,45.4632,-73.5694
H4H,45.4456,-73.5812
H4J,45.5313,-73.7092
H4K,45.5196,-73.7333
H4L,45.5174,-73.6835
H4M,45.5006,-73.6856
H4N,45.5273,-73.6649
H4P,45.4964,-73.6643
H4R,45.5052,-73.7129
H4S,45.4869,-73.7425
H4T,45.4803,-73.6912
H4V,45.467,-73.6482
H4W,45.468,-73.6704
H4X,45.4536,-73.6518
H7A,45.6726,-73.5838
H7B,45.6767,-73.6222
H7C,45.6364,-73.6544
H7E,45.6135,-73.6819
H7G,45.577,-73.6875
H7H,45.6402,-73.7602
H7J,45.6649,-73.7016
H7K,45.628,-73.7275
H7L,45.6043,-73.7748
H7M,45.5992,-73.7155
H7N,45.5592,-73.7055
H7P,45.5798,-73.8013
H7R,45.5522,-73.8481
H7S,45.5801,-73.7388
H7T,45.5585,-73.7739
H7V,45.5463,-73.7367
H7W,45.5338,-73.7644
H7X,45.5307,-73.8074
H7Y,45.5285,-73.8509
H8N,45.4402,-73.6188
H8P,45.4246,-73.6031
H8R,45.4331,-73.6468
H8S,45.4502,-73.6893
H8T,45.4418,-73.7052
H8Y,45.5062,-73.7932
H8Z,45.5074,-73.8403
H9A,45.4949,-73.832
H9B,45.4905,-73.7994
H9C,45.5055,-73.8789
H9E,45.4865,-73.9092
H9G,45.4754,-73.837
H9H,45.4686,-73.8565
H9J,45.4546,-73.8933
H9K,45.4535,-73.9095
H9P,45.4661,-73.7542
H9R,45.4606,-73.8113
H9S,45.4414,-73.7745
H9W,45.4309,-73.8684
H9X,45.4261,-73.9351
J0A,45.8439,-71.9563
J0B,45.4065,-71.6707
J0C,45.9268,-72.491
J0E,45.283,-72.527
J0G,46.0198,-72.8263
J0H,45.6592,-72.7669
J0J,45.153,-73.162
J0K,46.6859,-73.9448
J0L,45.4093,-73.3848
J0M,58.6375,-73.9834
J0N,45.6182,-73.9478
J0P,45.3652,-74.312
J0R,45.8657,-74.1788
J0S,45.1066,-74.0458
J0T,46.303,-74.5729
J0V,45.8323,-74.9347
J0W,46.8411,-75.4602
J0X,46.4511,-76.7091
J0Y,55.647,-72.8941
J0Z,47.5106,-78.4674
J1A,45.0953,-71.8377
J1C,45.4782,-71.946
J1E,45.4236,-71.8751
J1G,45.4026,-71.8464
J1H,45.4019,-71.8803
J1J,45.4085,-71.9235
J1K,45.3827,-71.9323
J1L,45.4201,-71.9543
J1M,45.3658,-71.8414
J1N,45.3388,-72.0142
J1R,45.3967,-72.0428
J1S,45.6119,-71.9589
J1T,45.7661,-71.9397
J1X,45.2734,-72.1656
J1Z,45.95,-72.4665
J2A,45.8144,-72.4018
J2B,45.9019,-72.5367
J2C,45.8904,-72.5027
J2E,45.907,-72.5386
J2G,45.3968,-72.7443
J2H,45.3972,-72.6973
J2J,45.4038,-72.7812
J2K,45.2391,-72.7853
J2L,45.3007,-72.691
J2M,45.3571,-72.57
J2N,45.2789,-72.9613
J2R,45.6609,-72.939
J2S,45.6106,-72.9819
J2T,45.603,-72.9204
J2W,45.3688,-73.314
J2X,45.3106,-73.2187
J2Y,45.3113,-73.3556
J3A,45.3351,-73.2755
J3B,45.2823,-73.2788
J3E,45.6003,-73.3292
J3G,45.5937,-73.2382
J3H,45.5622,-73.1734
J3L,45.4444,-73.2715
J3M,45.4327,-73.1581
J3N,45.5239,-73.2756
J3P,46.042,-73.0567
J3R,46.0043,-73.151
J3T,46.2125,-72.6016
J3V,45.5314,-73.3434
J3X,45.6793,-73.3949
J3Z,45.4839,-73.3786
J4B,45.5929,-73.422
J4G,45.5666,-73.4767
J4H,45.5369,-73.5054
J4J,45.5358,-73.4821
J4K,45.5175,-73.4996
J4L,45.5183,-73.458
J4M,45.5344,-73.4445
J4N,45.5501,-73.451
J4P,45.507,-73.5083
J4R,45.494,-73.5022
J4S,45.4816,-73.495
J4T,45.4974,-73.4676
J4V,45.4882,-73.4688
J4W,45.4671,-73.4832
J4X,45.4453,-73.4836
J4Y,45.4413,-73.4558
J4Z,45.4424,-73.423
J5A,45.3658,-73.629
J5B,45.3742,-73.5397
J5C,45.3982,-73.5756
J5J,45.8307,-73.9191
J5K,45.7395,-74.1392
J5L,45.8004,-74.0719
J5M,45.8572,-73.7737
J5R,45.392,-73.462
J5T,45.9051,-73.3252
J5V,46.2565,-72.9453
J5W,45.8493,-73.4088
J5X,45.8483,-73.5061
J5Y,45.7772,-73.426
J5Z,45.7709,-73.4951
J6A,45.7387,-73.4584
J6E,46.0326,-73.448
J6J,45.3752,-73.7473
J6K,45.3422,-73.7485
J6N,45.2972,-73.8715
J6R,45.3079,-73.7419
J6S,45.267,-74.0509
J6T,45.2458,-74.1329
J6V,45.7234,-73.5352
J6W,45.7058,-73.6176
J6X,45.7275,-73.7058
J6Y,45.7001,-73.7511
J6Z,45.6696,-73.7751
J7A,45.6389,-73.7982
J7B,45.6602,-73.8163
J7C,45.6876,-73.8596
J7E,45.6413,-73.8569
J7G,45.6083,-73.8388
J7H,45.6209,-73.8724
J7J,45.7118,-73.9305
J7K,45.7699,-73.6033
J7L,45.7449,-73.6531
J7M,45.7891,-73.7443
J7N,45.6377,-74.0908
J7P,45.577,-73.8824
J7R,45.5737,-73.9405
J7T,45.3696,-74.1243
J7V,45.3917,-74.028
J7W,45.3741,-73.9821
J7X,45.2718,-74.2374
J7Y,45.7985,-74.013
J7Z,45.7795,-73.9819
J8A,45.92,-73.9978
J8B,45.9679,-74.123
J8C,46.0717,-74.3178
J8E,46.1784,-74.5924
J8G,45.7606,-74.5335
J8H,45.7255,-74.3321
J8L,45.7157,-75.3943
J8M,45.5432,-75.4278
J8N,45.7339,-75.7223
J8P,45.4873,-75.6155
J8R,45.5288,-75.62
J8T,45.4778,-75.7055
J8V,45.5745,-75.7675
J8X,45.443,-75.7138
J8Y,45.4454,-75.7406
J8Z,45.4717,-75.7586
J9A,45.4376,-75.7646
J9B,45.5309,-75.856
J9E,46.3911,-75.948
J9H,45.3942,-75.8206
J9J,45.4404,-75.8462
J9L,46.5618,-75.6
J9P,47.9659,-77.6574
J9T,48.6158,-78.0085
J9V,47.3512,-79.4541
J9X,48.2677,-78.9817
J9Y,48.2929,-78.9944
J9Z,48.8209,-79.2103
K0A,45.2915,-75.7836
K0B,45.4977,-74.7699
K0C,45.1691,-74.8881
K0E,44.7119,-75.7613
K0G,44.9122,-76.1745
K0H,44.7305,-76.8619
K0J,45.6027,-77.4528
K0K,44.3117,-77.4138
K0L,44.7727,-78.0044
K0M,44.9418,-78.6723
K1A,45.4434,-75.6193
K1B,45.4174,-75.601
K1C,45.4679,-75.5399
K1E,45.4776,-75.5043
K1G,45.3484,-75.5903
K1H,45.3883,-75.6599
K1J,45.4516,-75.6049
K1K,45.446,-75.6477
K1L,45.4391,-75.6632
K1M,45.4459,-75.6826
K1N,45.429,-75.6849
K1P,45.4208,-75.6951
K1R,45.4144,-75.7096
K1S,45.4012,-75.6872
K1T,45.3268,-75.6298
K1V,45.3312,-75.6731
K1W,45.4356,-75.5119
K1X,45.2688,-75.6404
K1Y,45.4028,-75.7339
K1Z,45.3855,-75.7427
K2A,45.3806,-75.7633
K2B,45.3649,-75.7932
K2C,45.3689,-75.7297
K2E,45.3443,-75.7153
K2G,45.3187,-75.734
K2H,45.3511,-75.8375
K2J,45.2624,-75.7456
K2K,45.336,-75.9147
K2L,45.302,-75.8889
K2M,45.2848,-75.8605
K2P,45.4154,-75.6902
K2R,45.3143,-75.8263
K2S,45.2367,-75.9206
K2T,45.3129,-75.9328
K2V,45.2796,-75.8903
K2W,45.3793,-75.969
K4A,45.4856,-75.4567
K4B,45.4,-75.3869
K4C,45.5008,-75.4057
K4K,45.547,-75.2559
K4M,45.1806,-75.6391
K4P,45.2336,-75.5833
K4R,45.2487,-75.3487
K6A,45.5713,-74.5647
K6H,45.047,-74.6556
K6J,45.0307,-74.7762
K6K,45.0653,-74.7338
K6T,44.6541,-75.7627
K6V,44.6502,-75.7302
K7A,44.9616,-76.0266
K7C,45.1021,-76.1477
K7G,44.3493,-76.2079
K7H,44.8773,-76.2937
K7K,44.2577,-76.4746
K7L,44.2985,-76.4069
K7M,44.2398,-76.5665
K7N,44.2229,-76.6532
K7P,44.2691,-76.6098
K7R,44.2261,-76.9481
K7S,45.4245,-76.4202
K7V,45.451,-76.7442
K8A,45.7444,-77.2268
K8B,45.7983,-77.0723
K8H,45.8974,-77.3186
K8N,44.1695,-77.3855
K8P,44.1649,-77.4073
K8R,44.1398,-77.457
K8V,44.1193,-77.6083
K9A,44.005,-78.1854
K9H,44.3253,-78.3201
K9J,44.298,-78.3049
K9K,44.2789,-78.3642
K9L,44.3523,-78.3075
K9V,44.3719,-78.6993
L0A,44.1353,-78.5222
L0B,44.0711,-78.7563
L0C,44.1818,-79.0687
L0E,44.3011,-79.251
L0G,44.06,-79.6552
L0H,43.9068,-79.1
L0J,43.873,-79.6283
L0L,44.4445,-79.723
L0M,44.3314,-80.0264
L0N,43.919,-80.0385
L0P,43.5232,-80.0011
L0R,43.1374,-79.7296
L0S,43.0224,-79.2183
L1A,43.9932,-78.3754
L1B,43.9209,-78.5392
L1C,43.9601,-78.7129
L1E,43.9203,-78.7932
L1G,43.9246,-78.8738
L1H,43.9702,-78.8804
L1J,43.8858,-78.8778
L1K,43.9364,-78.8441
L1L,43.9776,-78.8933
L1M,43.9648,-78.9597
L1N,43.8711,-78.9308
L1P,43.9092,-78.9833
L1R,43.9231,-78.9434
L1S,43.8414,-79.0221
L1T,43.8842,-79.0534
L1V,43.83,-79.117
L1W,43.8197,-79.0807
L1X,43.8636,-79.1265
L1Y,43.9553,-79.1196
L1Z,43.8784,-79.0068
L2A,42.9106,-78.9562
L2E,43.1049,-79.0872
L2G,43.0287,-79.0631
L2H,43.0861,-79.1423
L2J,43.1349,-79.1
L2M,43.1988,-79.2148
L2N,43.193,-79.2544
L2P,43.1518,-79.2063
L2R,43.1442,-79.3063
L2S,43.1448,-79.2644
L2T,43.1286,-79.2365
L2V,43.1059,-79.2003
L2W,43.1682,-79.2801
L3B,42.993,-79.2144
L3C,42.9982,-79.2664
L3K,42.9119,-79.2608
L3L,43.871,-79.5738
L3M,43.1764,-79.5758
L3P,43.9125,-79.2543
L3R,43.8562,-79.3234
L3S,43.8482,-79.2613
L3T,43.824,-79.3891
L3V,44.6095,-79.3586
L3X,44.0395,-79.4709
L3Y,44.0755,-79.5025
L3Z,44.1343,-79.6066
L4A,44.0185,-79.3153
L4B,43.8578,-79.3987
L4C,43.8675,-79.4413
L4E,43.9348,-79.4445
L4G,43.9962,-79.4473
L4H,43.8237,-79.6263
L4J,43.8148,-79.4545
L4K,43.8083,-79.5097
L4L,43.7917,-79.5768
L4M,44.4843,-79.6748
L4N,44.3633,-79.6908
L4P,44.3299,-79.4372
L4S,43.9204,-79.4111
L4T,43.6911,-79.6364
L4V,43.6963,-79.6207
L4W,43.6371,-79.6216
L4X,43.6176,-79.5799
L4Y,43.6029,-79.5931
L4Z,43.6161,-79.649
L5A,43.5881,-79.6091
L5B,43.5784,-79.6313
L5C,43.5631,-79.6512
L5E,43.5835,-79.5611
L5G,43.5648,-79.5854
L5H,43.542,-79.6154
L5J,43.51,-79.6289
L5K,43.5266,-79.661
L5L,43.5377,-79.6912
L5M,43.5629,-79.7199
L5N,43.5906,-79.7599
L5R,43.6086,-79.6731
L5S,43.6754,-79.6817
L5T,43.6568,-79.667
L5V,43.5988,-79.6942
L5W,43.6329,-79.7096
L6A,43.8769,-79.5108
L6B,43.8825,-79.2096
L6C,43.9077,-79.3339
L6E,43.9007,-79.2665
L6G,43.8397,-79.3313
L6H,43.4781,-79.7351
L6J,43.4752,-79.659
L6K,43.4398,-79.687
L6L,43.4082,-79.7139
L6M,43.4331,-79.7463
L6P,43.795,-79.702
L6R,43.7584,-79.7631
L6S,43.7394,-79.6963
L6T,43.7036,-79.7022
L6V,43.7059,-79.7627
L6W,43.6782,-79.7255
L6X,43.6614,-79.8032
L6Y,43.6456,-79.7719
L6Z,43.726,-79.797
L7A,43.6898,-79.8407
L7B,43.9759,-79.5675
L7C,43.8011,-79.8648
L7E,43.9161,-79.7907
L7G,43.6437,-79.9199
L7J,43.6342,-80.0473
L7K,43.8676,-80.0027
L7L,43.3814,-79.768
L7M,43.4067,-79.8463
L7N,43.3491,-79.782
L7P,43.3858,-79.8801
L7R,43.3372,-79.8031
L7S,43.3234,-79.8096
L7T,43.3099,-79.8466
L8B,43.342,-79.9867
L8E,43.2239,-79.6974
L8G,43.2164,-79.7417
L8H,43.2561,-79.7911
L8J,43.184,-79.7272
L8K,43.2214,-79.799
L8L,43.2651,-79.8355
L8M,43.2439,-79.8354
L8N,43.3591,-79.9729
L8P,43.2516,-79.8942
L8R,43.2701,-79.8808
L8S,43.2506,-79.9558
L8T,43.2188,-79.8282
L8V,43.2263,-79.85
L8W,43.2005,-79.8531
L9A,43.2268,-79.8713
L9B,43.1965,-79.892
L9C,43.2311,-79.9043
L9E,43.5048,-79.8263
L9G,43.1825,-79.9928
L9H,43.2834,-79.9647
L9J,44.3296,-79.6708
L9K,43.2229,-79.9423
L9L,44.1101,-78.9798
L9M,44.8063,-80.0452
L9N,44.1254,-79.4861
L9P,44.1158,-79.1525
L9R,44.1867,-79.8664
L9S,44.3297,-79.5878
L9T,43.5418,-79.9053
L9V,44.135,-80.191
L9W,43.9359,-80.2105
L9X,44.434,-79.7898
L9Y,44.4711,-80.3024
L9Z,44.4969,-80.0245
M1B,43.8186,-79.1917
M1C,43.7876,-79.156
M1E,43.7673,-79.1859
M1G,43.7724,-79.2167
M1H,43.7671,-79.2396
M1J,43.7468,-79.2317
M1K,43.7296,-79.2631
M1L,43.7107,-79.2839
M1M,43.7244,-79.2313
M1N,43.6947,-79.265
M1P,43.7622,-79.2702
M1R,43.7488,-79.2988
M1S,43.7938,-79.2653
M1T,43.7813,-79.3034
M1V,43.8176,-79.2797
M1W,43.8014,-79.3215
M1X,43.8271,-79.2311
M2H,43.8016,-79.3576
M2J,43.7803,-79.3477
M2K,43.7795,-79.3809
M2L,43.7554,-79.3734
M2M,43.7914,-79.4104
M2N,43.7674,-79.411
M2P,43.7495,-79.398
M2R,43.7785,-79.4449
M3A,43.755,-79.3302
M3B,43.7424,-79.3596
M3C,43.7238,-79.3413
M3H,43.7529,-79.4469
M3J,43.7661,-79.4888
M3K,43.7403,-79.4703
M3L,43.7316,-79.5148
M3M,43.7297,-79.494
M3N,43.7571,-79.5204
M4A,43.728,-79.3151
M4B,43.7064,-79.3101
M4C,43.6913,-79.3113
M4E,43.6777,-79.2945
M4G,43.7123,-79.3659
M4H,43.7041,-79.3436
M4J,43.6874,-79.3365
M4K,43.6802,-79.3535
M4L,43.6703,-79.3167
M4M,43.6504,-79.3363
M4N,43.7303,-79.3936
M4P,43.7125,-79.3908
M4R,43.7144,-79.4065
M4S,43.7012,-79.3858
M4T,43.6889,-79.3841
M4V,43.6864,-79.4028
M4W,43.6838,-79.3725
M4X,43.6692,-79.368
M4Y,43.6664,-79.3811
M5A,43.6554,-79.3628
M5B,43.6575,-79.3779
M5C,43.6512,-79.3752
M5E,43.6451,-79.3732
M5G,43.6561,-79.3853
M5H,43.6486,-79.3821
M5J,43.6266,-79.3819
M5M,43.7335,-79.4176
M5N,43.7114,-79.4197
M5P,43.6961,-79.4125
M5R,43.674,-79.4029
M5S,43.6631,-79.3983
M5T,43.6534,-79.3975
M5V,43.6384,-79.4043
M6A,43.7226,-79.4502
M6B,43.708,-79.4474
M6C,43.6917,-79.4314
M6E,43.6886,-79.4506
M6G,43.6686,-79.4207
M6H,43.6655,-79.438
M6J,43.6483,-79.4168
M6K,43.641,-79.4303
M6L,43.7134,-79.4874
M6M,43.6936,-79.4852
M6N,43.6746,-79.4839
M6P,43.6602,-79.4634
M6R,43.6472,-79.4492
M6S,43.6489,-79.4771
M8V,43.6081,-79.5
M8W,43.6012,-79.5396
M8X,43.6518,-79.5071
M8Y,43.6331,-79.4941
M8Z,43.6263,-79.5172
M9A,43.6659,-79.5284
M9B,43.6463,-79.5502
M9C,43.6418,-79.575
M9L,43.7589,-79.5562
M9M,43.7371,-79.5403
M9N,43.7068,-79.517
M9P,43.6948,-79.5327
M9R,43.6876,-79.5581
M9V,43.7427,-79.5944
M9W,43.7098,-79.5842
N0A,42.9329,-79.9229
N0B,43.5618,-80.4371
N0C,44.2683,-80.5266
N0E,42.8819,-80.4319
N0G,43.993,-81.0787
N0H,44.6947,-81.116
N0J,43.0447,-80.719
N0K,43.5011,-81.1631
N0L,42.7592,-81.4455
N0M,43.2673,-81.5359
N0N,42.9137,-82.1075
N0P,42.4474,-82.173
N0R,42.1487,-82.8016
N1A,42.9161,-79.6132
N1C,43.4922,-80.2269
N1E,43.5806,-80.2454
N1G,43.5195,-80.2225
N1H,43.5575,-80.2782
N1K,43.524,-80.2839
N1L,43.4986,-80.1831
N1M,43.7126,-80.3688
N1P,43.3404,-80.2856
N1R,43.3479,-80.2832
N1S,43.3551,-80.3311
N1T,43.3849,-80.2833
N2A,43.4413,-80.4242
N2B,43.461,-80.4449
N2C,43.4161,-80.449
N2E,43.4114,-80.5031
N2G,43.4442,-80.4884
N2H,43.4622,-80.4728
N2J,43.5089,-80.562
N2K,43.5005,-80.4944
N2L,43.4724,-80.5447
N2M,43.4371,-80.5114
N2N,43.4261,-80.5435
N2P,43.3925,-80.4192
N2R,43.3813,-80.4846
N2T,43.4561,-80.5687
N2V,43.4769,-80.5803
N2Z,44.1746,-81.5388
N3A,43.3928,-80.7009
N3B,43.6121,-80.5534
N3C,43.4269,-80.2691
N3E,43.4368,-80.3566
N3H,43.405,-80.3737
N3L,43.2014,-80.371
N3P,43.1765,-80.2286
N3R,43.1686,-80.2685
N3S,43.1383,-80.2362
N3T,43.1339,-80.2223
N3V,43.1734,-80.298
N3W,43.0794,-79.9744
N3Y,42.8234,-80.3228
N4B,42.8208,-80.5465
N4G,42.8672,-80.7006
N4K,44.569,-80.8765
N4L,44.5468,-80.6103
N4N,44.1611,-80.9453
N4S,43.1377,-80.7383
N4T,43.1503,-80.7191
N4V,43.1093,-80.7479
N4W,43.7138,-80.9778
N4X,43.2795,-81.1788
N4Z,43.3499,-81.0091
N5A,43.3784,-80.9393
N5C,43.0426,-80.8738
N5H,42.7483,-80.9334
N5L,42.6798,-81.2572
N5P,42.7668,-81.1679
N5R,42.7572,-81.1861
N5V,43.0193,-81.1646
N5W,42.987,-81.1796
N5X,43.0351,-81.2572
N5Y,43.014,-81.2296
N5Z,42.968,-81.2064
N6A,42.9995,-81.255
N6B,42.9836,-81.2377
N6C,42.958,-81.2377
N6E,42.9311,-81.2116
N6G,43.0291,-81.2727
N6H,42.9863,-81.3336
N6J,42.9591,-81.2748
N6K,42.9496,-81.3442
N6L,42.9115,-81.285
N6M,42.9522,-81.1202
N6N,42.8921,-81.1689
N6P,42.8683,-81.3321
N7A,43.7837,-81.6649
N7G,42.928,-81.6411
N7L,42.4205,-82.1977
N7M,42.408,-82.1617
N7S,42.989,-82.359
N7T,42.9577,-82.3226
N7V,43.0007,-82.3901
N7W,42.9625,-82.3358
N7X,43.0157,-82.3194
N8A,42.5909,-82.4199
N8H,42.0563,-82.5634
N8M,42.1448,-82.8515
N8N,42.2765,-82.8729
N8P,42.3263,-82.9099
N8R,42.3051,-82.9128
N8S,42.3284,-82.9437
N8T,42.3031,-82.9457
N8W,42.285,-82.9804
N8X,42.2936,-83.0191
N8Y,42.3174,-82.993
N9A,42.3127,-83.0336
N9B,42.2945,-83.052
N9C,42.2861,-83.0744
N9E,42.2667,-83.0271
N9G,42.248,-82.995
N9H,42.2209,-83.0243
N9J,42.2246,-83.0786
N9K,42.2973,-82.8581
N9V,42.1128,-83.0541
N9Y,42.0478,-82.7605
P0A,45.6558,-79.5391
P0B,45.1956,-79.4355
P0C,45.2843,-80.0042
P0E,44.8002,-79.418
P0G,45.605,-80.3206
P0H,46.2538,-79.2473
P0J,47.6133,-80.1946
P0K,48.5741,-80.3225
P0L,50.4356,-82.6859
P0M,47.9512,-82.9095
P0N,48.476,-81.0945
P0S,47.2204,-84.1328
P0T,49.8552,-88.329
P0V,53.0912,-88.7112
P0W,48.7198,-92.5051
P0Y,49.7897,-95.088
P1A,46.2764,-79.4486
P1B,46.3566,-79.5184
P1C,46.3397,-79.4221
P1H,45.3743,-79.1617
P1L,45.0467,-79.2158
P1P,44.9211,-79.3408
P2A,45.369,-79.9046
P2B,46.2985,-79.8243
P2N,48.1328,-80.038
P3A,46.5188,-80.9169
P3B,46.4849,-80.9298
P3C,46.4999,-81.0085
P3E,46.2801,-80.8787
P3G,46.2074,-81.0507
P3L,46.6107,-80.8491
P3N,46.5701,-81.0069
P3P,46.7294,-81.0244
P3Y,46.4429,-81.127
P4N,48.3559,-81.5164
P4P,48.5694,-81.3349
P4R,48.5528,-81.5568
P5A,46.4063,-82.632
P5E,46.2353,-81.7531
P5N,49.3946,-82.4099
P6A,46.5822,-84.2637
P6B,46.5322,-84.3024
P6C,46.5374,-84.377
P7A,49.0314,-88.9866
P7B,48.4307,-89.2528
P7C,48.3852,-89.2621
P7E,48.3688,-89.2839
P7G,48.9077,-89.5395
P7J,48.3197,-89.3768
P7K,48.38,-89.4606
P7L,48.1726,-89.4977
P8N,49.9081,-92.6075
P8T,50.0863,-91.89
P9A,48.6626,-93.3113
P9N,49.7927,-94.4819
R0B,56.5069,-97.0938
R0C,51.3111,-96.9729
R0E,50.106,-96.0243
R0G,49.4284,-98.0174
R0H,50.4808,-98.7319
R0J,50.5872,-100.1577
R0K,49.5757,-99.6755
R0M,49.6894,-100.9304
R1A,50.1503,-96.9867
R1B,50.0684,-96.9583
R1C,50.0389,-96.9561
R1N,49.9595,-98.3191
R2C,49.8946,-97.0017
R2E,49.9809,-97.015
R2G,49.9403,-97.0584
R2H,49.8845,-97.1177
R2J,49.8675,-97.0648
R2K,49.9207,-97.0827
R2L,49.9062,-97.0987
R2M,49.8398,-97.1149
R2N,49.7844,-97.0979
R2P,49.9674,-97.156
R2R,49.9474,-97.2106
R2V,49.9568,-97.1125
R2W,49.9196,-97.1349
R2X,49.9321,-97.1735
R2Y,49.9032,-97.3023
R3A,49.9042,-97.1467
R3B,49.898,-97.1397
R3C,50.0027,-97.2606
R3E,49.9085,-97.178
R3G,49.8882,-97.1812
R3H,49.9048,-97.2302
R3J,49.8851,-97.2456
R3K,49.8735,-97.2997
R3L,49.8675,-97.1351
R3M,49.8624,-97.1655
R3N,49.8651,-97.2041
R3P,49.8426,-97.2166
R3R,49.8547,-97.2875
R3S,49.8258,-97.2903
R3T,49.8148,-97.1533
R3V,49.7491,-97.1796
R3W,49.9086,-97.042
R3X,49.8177,-97.0544
R3Y,49.7959,-97.1949
R4A,50.0193,-97.1167
R4G,49.7787,-97.3686
R4H,49.8678,-97.3906
R4J,49.8633,-97.4171
R4K,49.8828,-97.6192
R4L,49.9866,-97.6647
R5A,49.6977,-97.0798
R5G,49.5276,-96.7249
R5H,49.6651,-96.6607
R5J,49.7549,-96.5243
R5K,49.7552,-96.8122
R5L,49.8842,-96.4953
R5M,50.0063,-96.7451
R5N,49.9568,-96.8626
R5P,49.8573,-96.7875
R5R,49.9654,-96.9407
R5T,49.8317,-96.9474
R6M,49.1283,-98.1687
R6W,49.1382,-97.9762
R7A,49.7955,-100.0209
R7B,49.8371,-99.9811
R7C,49.8778,-99.9559
R7N,51.1494,-100.0371
R8A,54.7712,-101.8422
R8N,55.7569,-97.8458
R9A,53.7179,-101.4189
S0A,51.4723,-102.9687
S0C,49.3862,-103.2954
S0E,52.9736,-103.0934
S0H,49.9728,-106.2916
S0J,56.9789,-105.0874
S0K,52.2665,-106.5315
S0L,51.4796,-108.4772
S0M,55.6199,-108.2166
S0N,49.9048,-108.7499
S0P,54.9948,-102.3909
S2V,50.7814,-104.9401
S3N,51.2545,-102.4287
S4A,49.1306,-103.0121
S4H,49.6537,-103.8354
S4K,50.3622,-104.6225
S4L,50.4051,-104.284
S4N,50.4664,-104.6154
S4P,50.4562,-104.7239
S4R,50.483,-104.5933
S4S,50.4151,-104.6113
S4T,50.459,-104.6487
S4V,50.4334,-104.5272
S4W,50.4209,-104.6653
S4X,50.5008,-104.6634
S4Y,50.4602,-104.6913
S4Z,50.4512,-104.5328
S6H,50.3091,-105.5031
S6J,50.4142,-105.553
S6K,50.3782,-105.5868
S6V,53.1994,-105.7047
S6W,53.1816,-105.7758
S6X,53.1893,-105.701
S7A,52.1585,-106.3967
S7B,52.1294,-106.4086
S7C,51.9373,-106.4832
S7H,52.1152,-106.6108
S7J,52.0981,-106.6221
S7K,52.1033,-106.7224
S7L,52.1523,-106.7121
S7M,52.1117,-106.7151
S7N,52.1362,-106.6102
S7P,52.2749,-106.5037
S7R,52.1546,-106.7134
S7S,52.1553,-106.5826
S7T,52.0495,-106.6181
S7V,52.1482,-106.5503
S7W,52.1683,-106.5747
S9A,52.8114,-108.1207
S9H,50.2089,-107.6747
S9V,53.3746,-109.8025
T0A,54.7789,-111.5782
T0B,53.0926,-111.5204
T0C,52.4688,-112.6613
T0E,53.3174,-117.0532
T0G,55.6982,-114.4257
T0H,57.5597,-116.7541
T0J,51.0281,-111.5057
T0K,49.4874,-112.351
T0L,50.6066,-114.3923
T0M,52.1207,-114.7869
T0P,57.8073,-110.7426
T1A,50.3201,-110.4489
T1B,49.4371,-110.3671
T1C,50.0622,-110.6573
T1G,49.8618,-112.1815
T1H,49.7255,-112.8187
T1K,49.6027,-112.7173
T1L,51.1767,-115.5667
T1M,49.6997,-112.4958
T1P,51.1133,-113.3455
T1R,50.5803,-111.9446
T1S,50.7313,-114.0641
T1V,50.6039,-113.8001
T1W,51.3776,-115.0712
T1X,50.9359,-113.7639
T1Y,51.0817,-113.9465
T1Z,51.1412,-113.7866
T2A,51.0523,-113.9625
T2B,51.023,-113.956
T2C,50.9741,-113.9646
T2E,51.1045,-114.025
T2G,51.0289,-114.032
T2H,50.9917,-114.0491
T2J,50.9397,-114.0355
T2K,51.1025,-114.0731
T2L,51.0907,-114.1223
T2M,51.0713,-114.0874
T2N,51.0616,-114.1113
T2P,51.0577,-113.6812
T2R,51.0408,-114.078
T2S,51.024,-114.0692
T2T,51.0242,-114.1002
T2V,50.984,-114.1109
T2W,50.9458,-114.1068
T2X,50.8809,-114.0386
T2Y,50.9256,-114.1531
T2Z,50.9233,-113.9689
T3A,51.1266,-114.143
T3B,51.0902,-114.2095
T3C,51.0495,-114.1382
T3E,51.0139,-114.1328
T3G,51.1441,-114.2058
T3H,51.0432,-114.201
T3J,51.1094,-113.9593
T3K,51.1392,-114.0833
T3L,51.1461,-114.3137
T3M,50.8787,-113.9474
T3N,51.1553,-113.9496
T3P,51.2078,-114.0827
T3R,51.2056,-114.2263
T3S,50.9179,-113.8865
T3Z,51.0786,-114.4598
T4A,51.2668,-113.7814
T4B,51.312,-114.1942
T4C,51.3125,-114.5184
T4E,52.2103,-113.8674
T4G,52.047,-114.0415
T4H,51.794,-114.0878
T4J,52.7119,-113.6637
T4L,52.4935,-113.7306
T4M,52.3862,-113.7818
T4N,52.2534,-113.8227
T4P,52.2861,-113.7775
T4R,52.2412,-113.7776
T4S,52.2919,-113.8909
T4T,52.1369,-115.6672
T4V,53.0896,-112.8484
T4X,53.26,-113.487
T5A,53.5934,-113.4083
T5B,53.5694,-113.4601
T5C,53.5997,-113.455
T5E,53.5982,-113.495
T5G,53.5715,-113.506
T5H,53.5514,-113.4932
T5J,53.543,-113.495
T5K,53.5362,-113.5078
T5L,53.5853,-113.5539
T5M,53.5648,-113.5745
T5N,53.5422,-113.5539
T5P,53.5446,-113.5957
T5R,53.518,-113.58
T5S,53.5654,-113.6701
T5T,53.5191,-113.6578
T5V,53.5911,-113.6182
T5W,53.569,-113.4094
T5X,53.6267,-113.5177
T5Y,53.6598,-113.3642
T5Z,53.633,-113.4673
T6A,53.5483,-113.4313
T6B,53.5131,-113.4179
T6C,53.5229,-113.4608
T6E,53.4942,-113.4789
T6G,53.522,-113.5311
T6H,53.4943,-113.5387
T6J,53.4575,-113.5247
T6K,53.4601,-113.4517
T6L,53.4618,-113.4157
T6M,53.4589,-113.653
T6N,53.4455,-113.4794
T6P,53.5,-113.3697
T6R,53.4581,-113.5801
T6S,53.5877,-113.3326
T6T,53.4615,-113.3712
T6V,53.6238,-113.5609
T6W,53.4181,-113.5787
T6X,53.4067,-113.4134
T6Y,53.3667,-113.605
T7A,53.1429,-115.2978
T7E,53.5217,-116.5134
T7N,54.0944,-114.4752
T7P,54.1597,-113.9621
T7S,54.2006,-116.0505
T7V,53.6881,-117.5616
T7X,53.5376,-113.864
T7Y,53.4672,-114.0639
T7Z,53.5284,-114.0081
T8A,53.5267,-113.246
T8B,53.4397,-113.2955
T8C,53.4386,-113.1832
T8E,53.5461,-113.118
T8G,53.4855,-112.9855
T8H,53.549,-113.329
T8L,53.7255,-113.0806
T8N,53.6404,-113.6386
T8R,53.8332,-113.7859
T8S,56.2308,-117.3151
T8T,53.6976,-113.6754
T8V,55.1858,-118.8026
T8W,55.1183,-118.7551
T8X,55.245,-118.8738
T9A,52.9247,-113.4156
T9C,53.5109,-112.0966
T9E,53.2657,-113.5456
T9G,53.3526,-113.7259
T9H,57.2384,-112.3892
T9J,56.7136,-111.3844
T9K,56.7685,-111.4522
T9M,54.2538,-110.197
T9N,54.2763,-110.8926
T9S,54.8001,-113.2481
T9V,53.3473,-110.0863
T9W,52.8266,-110.9235
T9X,53.3386,-110.8858
V0A,51.2596,-116.9416
V0B,49.6956,-115.5252
V0C,58.1759,-126.2779
V0E,51.5115,-119.1139
V0G,50.0504,-117.4151
V0H,49.3953,-118.9905
V0J,55.2162,-126.4028
V0K,51.1247,-121.6154
V0L,52.1266,-123.6798
V0M,49.6826,-122.1242
V0N,50.3013,-124.9146
V0P,50.7788,-125.8309
V0R,49.1052,-125.0498
V0S,48.5464,-124.0567
V0T,52.8311,-128.4801
V0V,53.7603,-129.888
V0W,59.636,-133.5411
V0X,49.3733,-120.6792
V1A,49.696,-116.3338
V1B,50.3204,-119.124
V1C,49.3265,-115.8441
V1E,50.667,-119.3294
V1G,54.9361,-120.4353
V1H,50.2437,-119.5323
V1J,56.2736,-120.8009
V1K,50.0816,-120.5494
V1L,49.5449,-117.2756
V1M,49.1669,-122.5799
V1N,49.4291,-117.9405
V1P,49.8903,-119.1839
V1R,49.1316,-117.8778
V1S,50.6781,-120.6121
V1T,50.2581,-119.2825
V1V,49.9494,-119.4334
V1W,49.8255,-119.4715
V1X,50.0458,-119.2916
V1Y,49.8921,-119.4846
V1Z,49.9148,-119.7354
V2A,49.5072,-119.6637
V2B,50.7711,-120.3755
V2C,50.552,-120.0522
V2E,50.6479,-120.2474
V2G,51.9811,-122.1337
V2H,50.7299,-120.2071
V2J,53.0444,-122.8155
V2K,54.0499,-123.042
V2L,53.9017,-122.7547
V2M,53.923,-122.8927
V2N,53.6541,-122.9559
V2P,49.1807,-121.8998
V2R,49.0778,-121.9897
V2S,49.0395,-122.2848
V2T,49.0394,-122.3472
V2V,49.5571,-122.4758
V2W,49.2069,-122.4871
V2X,49.2198,-122.6151
V2Y,49.1278,-122.6212
V2Z,49.0484,-122.604
V3A,49.0939,-122.6475
V3B,49.2728,-122.7565
V3C,49.2435,-122.7867
V3E,49.3195,-122.7392
V3G,49.0748,-122.1802
V3H,49.3221,-122.8626
V3J,49.2599,-122.8599
V3K,49.2365,-122.8521
V3L,49.2211,-122.8989
V3M,49.1985,-122.9343
V3N,49.2264,-122.931
V3R,49.1963,-122.8242
V3S,49.1178,-122.7558
V3T,49.1906,-122.8485
V3V,49.1831,-122.876
V3W,49.1408,-122.8567
V3X,49.1068,-122.8574
V3Y,49.2717,-122.6638
V3Z,49.0572,-122.7544
V4A,49.0385,-122.8311
V4B,49.0258,-122.8059
V4C,49.1563,-122.911
V4E,49.1188,-122.9035
V4G,49.1598,-122.9627
V4K,49.0938,-123.0262
V4L,49.0157,-123.0552
V4M,49.0311,-123.0892
V4N,49.172,-122.7347
V4P,49.0552,-122.8281
V4R,49.2906,-122.5154
V4S,49.253,-122.3567
V4T,49.8329,-119.6457
V4V,50.0763,-119.3997
V4W,49.0692,-122.5023
V4X,49.0854,-122.4014
V4Z,49.0773,-121.6105
V5A,49.2688,-122.9299
V5B,49.2778,-122.9764
V5C,49.2762,-123.0081
V5E,49.2311,-122.9543
V5G,49.2493,-122.9938
V5H,49.2286,-122.9964
V5J,49.2037,-122.9928
V5K,49.2808,-123.0395
V5L,49.2798,-123.066
V5M,49.26,-123.0393
V5N,49.2554,-123.066
V5P,49.2239,-123.068
V5R,49.2397,-123.0408
V5S,49.2169,-123.0405
V5T,49.2634,-123.0908
V5V,49.2484,-123.0903
V5W,49.233,-123.0924
V5X,49.2154,-123.0974
V5Y,49.2498,-123.1099
V5Z,49.2479,-123.1212
V6A,49.2792,-123.0898
V6B,49.2818,-123.1134
V6C,49.2863,-123.1179
V6E,49.2833,-123.1295
V6G,49.299,-123.1408
V6H,49.2561,-123.1327
V6J,49.2602,-123.1458
V6K,49.2653,-123.1657
V6L,49.2498,-123.1652
V6M,49.2338,-123.1458
V6N,49.2307,-123.1857
V6P,49.2157,-123.1398
V6R,49.2663,-123.1979
V6S,49.2502,-123.2055
V6T,49.2669,-123.237
V6V,49.1841,-123.0315
V6W,49.1561,-123.0519
V6X,49.185,-123.1118
V6Y,49.1596,-123.1194
V6Z,49.275,-123.12
V7A,49.1285,-123.1163
V7B,49.1976,-123.179
V7C,49.1619,-123.1721
V7E,49.1292,-123.1472
V7G,49.3666,-122.9286
V7H,49.3565,-122.9803
V7J,49.3618,-123.0177
V7K,49.3605,-123.0391
V7L,49.3159,-123.0575
V7M,49.322,-123.0853
V7N,49.3669,-123.0617
V7P,49.3224,-123.1166
V7R,49.3744,-123.0975
V7S,49.3747,-123.1874
V7T,49.3323,-123.1406
V7V,49.3397,-123.1928
V7W,49.4618,-122.8536
V7Z,49.492,-123.973
V8A,49.8983,-124.3036
V8B,49.9327,-123.2108
V8C,53.9892,-128.7139
V8E,50.0904,-122.9942
V8G,54.5556,-128.607
V8J,54.4632,-130.0118
V8K,48.8138,-123.4973
V8L,48.6541,-123.4379
V8M,48.5817,-123.4223
V8N,48.4766,-123.3148
V8P,48.4585,-123.3324
V8R,48.4381,-123.3183
V8S,48.417,-123.3238
V8T,48.4396,-123.3576
V8V,48.4166,-123.365
V8W,48.427,-123.3655
V8X,48.4775,-123.3661
V8Y,48.5243,-123.3742
V8Z,48.4835,-123.4024
V9A,48.4388,-123.4075
V9B,48.4829,-123.5072
V9C,48.3919,-123.5466
V9E,48.4893,-123.5784
V9G,49.0198,-123.8572
V9H,49.9671,-125.6202
V9J,49.7926,-125.1011
V9K,49.3405,-124.6595
V9L,48.7869,-123.817
V9M,49.6966,-124.913
V9N,49.5812,-125.0984
V9P,49.2809,-124.2393
V9R,49.1638,-123.9781
V9S,49.1894,-123.9635
V9T,49.2168,-124.0066
V9V,49.2392,-124.0232
V9W,50.0305,-125.3141
V9X,49.0927,-124.2234
V9Y,49.3342,-125.1301
V9Z,48.3855,-123.7464
